timestamp,open,high,low,close,volume
1772042400,68674.20000000,69550.00000000,68373.33000000,69328.07000000,2105.00773000
1772046000,69328.06000000,69406.93000000,68764.94000000,69038.26000000,1672.83962000
1772049600,69038.26000000,69374.95000000,68619.22000000,69148.69000000,1076.93003000
1772053200,69148.69000000,69988.83000000,68773.83000000,68919.72000000,1562.11950000
1772056800,68919.72000000,69176.00000000,68055.91000000,68432.13000000,1092.88431000
1772060400,68432.13000000,68696.97000000,67600.00000000,67988.04000000,1020.21792000
1772064000,67988.04000000,68539.17000000,67727.52000000,68335.99000000,1134.56842000
1772067600,68335.99000000,68700.00000000,68210.35000000,68248.30000000,619.19035000
1772071200,68248.30000000,68351.00000000,67779.93000000,68257.45000000,833.19410000
1772074800,68257.46000000,68379.59000000,68044.18000000,68216.86000000,408.51743000
1772078400,68216.87000000,68860.00000000,68179.62000000,68571.36000000,587.55874000
1772082000,68571.36000000,68571.37000000,68127.58000000,68443.81000000,486.81983000
1772085600,68443.82000000,68522.00000000,68042.90000000,68176.75000000,618.63359000
1772089200,68176.75000000,68290.18000000,67817.87000000,67825.04000000,840.14406000
1772092800,67825.05000000,68236.00000000,67792.00000000,67954.01000000,761.69108000
1772096400,67954.00000000,68644.59000000,67933.25000000,68589.41000000,1095.31619000
1772100000,68589.41000000,68722.64000000,68257.64000000,68301.62000000,688.66072000
1772103600,68301.61000000,68404.25000000,67965.46000000,68051.31000000,722.94931000
1772107200,68051.30000000,68303.83000000,68009.88000000,68171.56000000,642.07881000
1772110800,68171.55000000,68213.98000000,67848.69000000,67905.35000000,698.96783000
1772114400,67905.34000000,68272.21000000,67264.22000000,67697.74000000,1769.26733000
1772118000,67696.89000000,67743.36000000,66761.16000000,67382.00000000,2095.88140000
1772121600,67382.00000000,67566.85000000,66500.00000000,66643.55000000,2050.20093000
1772125200,66643.56000000,67044.10000000,66600.46000000,66826.80000000,885.82755000
1772128800,66826.80000000,67373.90000000,66575.73000000,67310.53000000,1058.47196000
1772132400,67310.53000000,67903.12000000,67285.99000000,67589.22000000,1235.95013000
1772136000,67589.21000000,67831.11000000,67269.42000000,67414.07000000,597.88987000
1772139600,67414.07000000,67575.97000000,67150.14000000,67463.65000000,299.84732000
1772143200,67463.65000000,67630.22000000,67301.75000000,67572.30000000,291.63360000
1772146800,67572.30000000,67656.11000000,67390.65000000,67485.18000000,314.51737000
1772150400,67485.19000000,67537.84000000,67000.00000000,67226.50000000,462.91030000
1772154000,67226.50000000,67398.86000000,66885.00000000,67352.26000000,818.15438000
1772157600,67352.26000000,67546.15000000,67263.56000000,67266.58000000,463.09611000
1772161200,67266.58000000,67712.16000000,67099.71000000,67600.84000000,415.67371000
1772164800,67600.84000000,68216.80000000,67578.67000000,67747.49000000,1318.53811000
1772168400,67747.49000000,67924.00000000,67683.30000000,67724.99000000,411.56603000
1772172000,67725.00000000,67823.90000000,67525.46000000,67658.14000000,398.60368000
1772175600,67658.14000000,67774.48000000,67459.30000000,67690.60000000,896.56486000
1772179200,67690.60000000,68079.83000000,67655.86000000,67926.24000000,712.98047000
1772182800,67926.25000000,68149.93000000,67284.22000000,67355.73000000,1377.29020000
1772186400,67355.72000000,67416.78000000,66574.00000000,66604.91000000,1414.83211000
1772190000,66604.90000000,66778.68000000,65960.01000000,66126.99000000,1399.59256000
1772193600,66126.99000000,66217.42000000,65734.71000000,65928.01000000,1855.03329000
1772197200,65928.01000000,66344.90000000,65649.34000000,66270.55000000,1278.55317000
1772200800,66270.55000000,66334.87000000,65686.64000000,65887.59000000,1404.23206000
1772204400,65887.59000000,66311.11000000,65845.18000000,66095.40000000,957.11978000
1772208000,66095.40000000,66121.03000000,65462.93000000,65475.21000000,1135.56487000
1772211600,65475.21000000,65765.06000000,65113.72000000,65703.19000000,1265.39709000
1772215200,65703.18000000,65788.07000000,65228.33000000,65314.76000000,623.00837000
1772218800,65314.76000000,65457.35000000,65172.60000000,65392.18000000,851.95591000
1772222400,65392.18000000,65666.66000000,65392.18000000,65594.67000000,444.86468000
1772226000,65594.67000000,65749.94000000,65400.00000000,65527.59000000,282.65640000
1772229600,65527.59000000,65673.33000000,64914.46000000,65637.99000000,713.53490000
1772233200,65638.00000000,65953.20000000,65551.67000000,65872.10000000,326.86120000
1772236800,65872.09000000,66025.52000000,65721.13000000,65942.00000000,334.42449000
1772240400,65942.01000000,65971.93000000,65743.71000000,65770.36000000,267.81274000
1772244000,65770.36000000,66018.85000000,65761.94000000,65961.13000000,204.09288000
1772247600,65961.13000000,65982.34000000,65745.39000000,65797.42000000,239.41397000
1772251200,65797.42000000,65818.44000000,65488.00000000,65663.20000000,311.53682000
1772254800,65663.21000000,65729.65000000,65500.00000000,65591.03000000,300.20395000
1772258400,65591.03000000,65591.04000000,63030.00000000,63216.01000000,3175.19445000
1772262000,63216.01000000,64327.22000000,63038.00000000,63826.00000000,2127.97927000
1772265600,63825.99000000,63877.09000000,63411.39000000,63473.28000000,1118.13838000
1772269200,63473.27000000,64005.35000000,63372.10000000,63658.54000000,737.11739000
1772272800,63658.55000000,64053.93000000,63452.64000000,64010.39000000,1633.42712000
1772276400,64010.38000000,64307.44000000,63791.25000000,63844.20000000,1245.63976000
1772280000,63844.20000000,64082.66000000,63827.20000000,64017.19000000,474.84169000
1772283600,64017.18000000,65216.97000000,63888.89000000,65106.44000000,1748.13055000
1772287200,65106.45000000,65360.51000000,64278.50000000,64435.61000000,1331.97244000
1772290800,64435.62000000,65020.75000000,64200.00000000,64841.18000000,731.53889000
1772294400,64841.17000000,65206.25000000,64681.81000000,65094.30000000,500.23365000
1772298000,65094.29000000,65555.00000000,64828.03000000,65442.62000000,595.58409000
1772301600,65442.61000000,66157.61000000,65185.70000000,65911.84000000,830.58148000
1772305200,65911.83000000,66666.65000000,65602.65000000,66362.01000000,1072.73124000
1772308800,66362.01000000,67151.68000000,66190.61000000,66959.62000000,840.13263000
1772312400,66959.63000000,67055.56000000,66368.42000000,66723.22000000,934.75984000
1772316000,66723.23000000,67760.00000000,66608.82000000,67103.64000000,1310.09118000
1772319600,67103.63000000,67210.00000000,66733.73000000,66973.26000000,483.13759000
1772323200,66973.26000000,67121.80000000,66620.50000000,66791.29000000,560.35194000
1772326800,66791.29000000,67703.32000000,66042.72000000,67339.36000000,1630.19028000
1772330400,67339.36000000,68199.99000000,67339.36000000,67620.65000000,1861.82270000
1772334000,67620.65000000,67813.33000000,67400.00000000,67502.16000000,637.99716000
1772337600,67502.16000000,67612.14000000,67079.36000000,67346.50000000,631.60541000
1772341200,67346.50000000,67574.65000000,67200.00000000,67292.09000000,437.89406000
1772344800,67292.08000000,67345.80000000,66749.35000000,66926.68000000,1159.96329000
1772348400,66926.69000000,67235.72000000,66784.58000000,67141.39000000,937.93278000
1772352000,67141.40000000,67292.30000000,66389.33000000,66560.14000000,1475.81311000
1772355600,66560.14000000,66771.10000000,66246.95000000,66410.08000000,815.73368000
1772359200,66410.09000000,66731.47000000,66215.71000000,66467.06000000,621.17753000
1772362800,66467.07000000,66661.61000000,66372.27000000,66468.03000000,338.19615000
1772366400,66468.04000000,66550.00000000,66241.97000000,66296.48000000,388.82935000
1772370000,66296.48000000,67360.57000000,66132.27000000,66934.79000000,1311.02111000
1772373600,66934.80000000,67320.19000000,66752.58000000,66847.80000000,911.62631000
1772377200,66847.80000000,67243.69000000,66828.60000000,66842.42000000,1028.55576000
1772380800,66842.42000000,67112.37000000,65730.28000000,66135.45000000,1500.74296000
1772384400,66135.45000000,66219.77000000,65699.98000000,65979.61000000,952.19730000
1772388000,65979.61000000,66657.44000000,65979.61000000,66316.83000000,906.08265000
1772391600,66316.84000000,66345.95000000,65772.29000000,65962.17000000,541.15631000
1772395200,65962.16000000,65962.16000000,65084.02000000,65300.00000000,961.21349000
1772398800,65300.01000000,65756.50000000,65281.83000000,65666.20000000,996.50526000
1772402400,65666.19000000,66491.43000000,65056.00000000,65268.71000000,1763.29476000
1772406000,65268.71000000,66080.00000000,65125.67000000,65776.47000000,831.95524000
1772409600,65776.48000000,66796.44000000,65761.04000000,66501.52000000,990.08260000
1772413200,66501.52000000,67079.00000000,66358.45000000,66532.02000000,886.93071000
1772416800,66532.02000000,66609.94000000,65890.50000000,66276.77000000,554.16265000
1772420400,66276.77000000,67037.22000000,66101.07000000,66820.03000000,509.41240000
1772424000,66820.03000000,66975.74000000,66633.13000000,66862.12000000,750.65203000
1772427600,66862.11000000,66995.64000000,66547.81000000,66730.78000000,887.19458000
1772431200,66730.78000000,66739.45000000,66062.83000000,66204.90000000,677.75967000
1772434800,66204.90000000,66209.46000000,65542.60000000,66007.52000000,1294.85905000
1772438400,66007.80000000,66306.00000000,65654.54000000,66282.00000000,1104.41132000
1772442000,66281.99000000,66720.84000000,66164.96000000,66168.62000000,1786.28426000
1772445600,66168.61000000,66381.74000000,66079.24000000,66316.40000000,436.29038000
1772449200,66316.39000000,66462.40000000,66003.59000000,66359.68000000,1034.77975000
1772452800,66359.67000000,66391.38000000,65874.92000000,65963.43000000,763.09374000
1772456400,65963.43000000,66157.28000000,65350.00000000,65440.01000000,1576.81345000
1772460000,65440.01000000,67220.81000000,65259.21000000,67177.06000000,3015.13713000
1772463600,67177.05000000,69617.74000000,66975.29000000,69130.20000000,5476.56874000
1772467200,69130.20000000,70096.00000000,68933.69000000,69428.62000000,3440.03188000
1772470800,69428.62000000,69578.00000000,68793.88000000,69198.00000000,1445.44150000
1772474400,69198.00000000,69268.15000000,68727.83000000,68877.67000000,1055.74310000
1772478000,68877.67000000,69049.32000000,68576.18000000,68966.53000000,886.89114000
1772481600,68966.52000000,69505.00000000,68584.90000000,69106.58000000,1028.13825000
1772485200,69106.58000000,69539.77000000,69000.71000000,69413.82000000,441.38382000
1772488800,69413.82000000,69501.62000000,69136.36000000,69440.49000000,1330.59238000
1772492400,69440.48000000,69479.58000000,68740.00000000,68830.06000000,637.72978000
1772496000,68830.06000000,69166.61000000,68644.38000000,69092.88000000,602.91075000
1772499600,69092.89000000,69258.08000000,68755.00000000,68760.01000000,452.46998000
1772503200,68760.01000000,68774.13000000,68210.71000000,68512.17000000,848.26905000
1772506800,68512.17000000,68550.00000000,68231.47000000,68377.94000000,458.44735000
1772510400,68377.94000000,68454.63000000,68050.11000000,68123.20000000,436.46143000
1772514000,68123.19000000,68617.42000000,67845.84000000,67947.75000000,913.85345000
1772517600,67947.75000000,68250.24000000,67800.00000000,68106.73000000,821.19287000
1772521200,68106.73000000,68275.20000000,67951.24000000,68172.80000000,1165.60519000
1772524800,68172.79000000,68311.83000000,66905.00000000,67003.30000000,1883.45220000
1772528400,67003.30000000,67184.71000000,66340.14000000,66647.98000000,1767.88336000
1772532000,66647.98000000,67030.75000000,66440.46000000,66860.30000000,1159.50732000
1772535600,66860.30000000,67166.50000000,66779.37000000,67026.61000000,1271.91624000
1772539200,67026.60000000,67973.20000000,67025.93000000,67399.85000000,1323.51079000
1772542800,67399.85000000,67435.00000000,66635.30000000,66931.31000000,709.75818000
1772546400,66931.32000000,67603.94000000,66158.00000000,66568.95000000,1714.82463000
1772550000,66568.95000000,67834.93000000,66471.79000000,67725.81000000,1695.19520000
1772553600,67725.82000000,68999.00000000,67473.09000000,68175.90000000,2581.91143000
1772557200,68175.89000000,68400.00000000,67626.53000000,68318.66000000,982.14848000
1772560800,68318.66000000,68914.01000000,67976.47000000,68628.49000000,974.13002000
1772564400,68628.50000000,68888.88000000,68312.83000000,68435.00000000,946.51026000
1772568000,68435.00000000,68591.24000000,68092.10000000,68266.00000000,592.99873000
1772571600,68265.99000000,68265.99000000,67832.30000000,68024.62000000,519.92364000
1772575200,68024.63000000,68524.54000000,68024.62000000,68327.20000000,573.87256000
1772578800,68327.20000000,68860.00000000,68245.64000000,68338.00000000,575.48869000
1772582400,68338.01000000,68413.90000000,67857.61000000,68093.19000000,767.61923000
1772586000,68093.20000000,68909.34000000,67963.28000000,68405.00000000,1294.62328000
1772589600,68405.00000000,68447.72000000,67984.56000000,68323.33000000,798.11328000
1772593200,68323.33000000,68383.63000000,67400.00000000,67732.20000000,954.50771000
1772596800,67732.19000000,67954.89000000,67467.60000000,67786.00000000,1066.38980000
1772600400,67786.00000000,68397.84000000,67682.64000000,68206.59000000,666.28769000
1772604000,68206.58000000,68678.76000000,68048.63000000,68508.02000000,1288.48108000
1772607600,68508.02000000,69668.00000000,68349.49000000,69493.13000000,2067.68212000
1772611200,69493.14000000,71163.00000000,69098.91000000,71011.40000000,4675.35650000
1772614800,71011.40000000,71893.00000000,70724.26000000,71520.76000000,4196.19004000
1772618400,71520.76000000,71878.17000000,71200.00000000,71348.92000000,2079.39146000
1772622000,71348.92000000,71499.75000000,70928.25000000,71111.40000000,1195.15977000
1772625600,71111.40000000,71364.14000000,70588.00000000,71339.71000000,1486.53558000
1772629200,71339.72000000,71624.99000000,71214.40000000,71477.17000000,1568.26840000
1772632800,71477.17000000,72633.00000000,71300.10000000,71621.04000000,4139.07950000
1772636400,71621.03000000,73479.75000000,71580.62000000,73396.88000000,4184.35996000
1772640000,73396.87000000,73500.00000000,72541.69000000,73294.84000000,2627.55973000
1772643600,73294.84000000,73759.99000000,72932.80000000,73218.92000000,2258.87830000
1772647200,73218.93000000,73700.00000000,72912.11000000,73693.50000000,1121.53690000
1772650800,73693.50000000,74050.00000000,73516.00000000,73611.10000000,2657.03129000
1772654400,73611.67000000,73716.00000000,73001.05000000,73019.68000000,904.52712000
1772658000,73019.69000000,73322.93000000,72878.00000000,73309.72000000,836.52696000
1772661600,73309.73000000,73523.31000000,72638.29000000,72705.86000000,894.79856000
1772665200,72705.86000000,72880.88000000,72313.04000000,72666.77000000,1190.17184000
1772668800,72666.77000000,73000.00000000,72553.65000000,72760.00000000,1004.77646000
1772672400,72759.99000000,73306.82000000,72409.10000000,72538.72000000,821.18852000
1772676000,72538.72000000,72916.50000000,72336.76000000,72506.19000000,628.62779000
1772679600,72506.18000000,72750.00000000,72344.51000000,72497.89000000,668.37206000
1772683200,72497.89000000,73081.08000000,72447.96000000,72815.70000000,750.00710000
1772686800,72815.70000000,72912.82000000,72260.74000000,72412.15000000,1085.89796000
1772690400,72412.15000000,72655.23000000,72037.56000000,72553.62000000,1063.10490000
1772694000,72553.63000000,72675.07000000,71759.95000000,72055.50000000,1447.01462000
1772697600,72055.50000000,72370.21000000,71757.17000000,72333.70000000,1421.17898000
1772701200,72333.70000000,72875.85000000,72298.83000000,72591.59000000,1160.78148000
1772704800,72591.59000000,73558.15000000,72517.06000000,73388.92000000,1589.26780000
1772708400,73388.91000000,73449.96000000,72766.75000000,72915.79000000,2091.15218000
1772712000,72915.80000000,73063.38000000,72666.93000000,72890.73000000,729.99152000
1772715600,72890.73000000,72935.30000000,72189.70000000,72467.79000000,1108.98859000
1772719200,72467.79000000,72835.73000000,71944.18000000,72609.29000000,1446.63499000
1772722800,72609.30000000,72770.00000000,71168.65000000,71652.77000000,2321.94313000
1772726400,71652.77000000,71654.65000000,70786.06000000,71305.92000000,1736.25108000
1772730000,71305.92000000,71572.00000000,70645.47000000,70704.41000000,1223.37093000
1772733600,70703.37000000,71090.32000000,70656.63000000,70990.65000000,720.55573000
1772737200,70990.66000000,71430.78000000,70870.00000000,70918.07000000,626.47744000
1772740800,70918.08000000,71394.45000000,70840.00000000,71236.51000000,496.74041000
1772744400,71236.51000000,71572.30000000,71023.52000000,71141.93000000,546.48691000
1772748000,71141.93000000,71364.45000000,71074.45000000,71208.54000000,834.62565000
1772751600,71208.54000000,71292.44000000,70777.00000000,70890.72000000,1067.07630000
1772755200,70891.02000000,71047.95000000,70784.00000000,70988.19000000,673.46080000
1772758800,70988.19000000,71301.74000000,70344.03000000,71257.20000000,1057.89391000
1772762400,71257.20000000,71419.98000000,71036.00000000,71252.43000000,752.48392000
1772766000,71252.43000000,71305.42000000,71000.00000000,71080.38000000,548.09403000
1772769600,71080.37000000,71120.17000000,70270.21000000,70613.61000000,667.82412000
1772773200,70613.61000000,70658.01000000,70143.19000000,70436.19000000,966.11543000
1772776800,70436.18000000,70853.37000000,70261.23000000,70597.23000000,672.31367000
1772780400,70597.23000000,71192.76000000,70468.97000000,71056.44000000,782.05786000
1772784000,71056.44000000,71067.58000000,70735.85000000,70789.49000000,569.42569000
1772787600,70789.49000000,70808.65000000,70300.00000000,70565.56000000,637.97560000
1772791200,70565.56000000,70800.00000000,70467.88000000,70527.93000000,469.81877000
1772794800,70527.93000000,70643.27000000,70184.01000000,70212.95000000,763.93539000
1772798400,70212.94000000,70224.84000000,69660.00000000,69907.00000000,1907.43626000
1772802000,69907.00000000,70341.76000000,69208.00000000,69208.00000000,2069.72961000
1772805600,69213.18000000,69273.87000000,68176.47000000,68409.89000000,3148.50679000
1772809200,68409.89000000,69100.00000000,68306.00000000,68504.71000000,1428.68549000
1772812800,68504.71000000,68795.44000000,68222.00000000,68446.52000000,955.00949000
1772816400,68446.52000000,68642.69000000,67744.78000000,67955.10000000,1236.78923000
1772820000,67955.10000000,68476.47000000,67955.10000000,68181.20000000,514.98068000
1772823600,68181.20000000,68485.01000000,68004.15000000,68131.79000000,617.63492000
1772827200,68131.79000000,68285.71000000,67777.00000000,68111.03000000,668.61830000
1772830800,68111.03000000,68333.33000000,67919.72000000,68289.10000000,604.80896000
1772834400,68289.11000000,68440.92000000,68221.38000000,68319.89000000,304.91261000
1772838000,68319.90000000,68371.24000000,68105.71000000,68114.02000000,611.37569000
1772841600,68114.02000000,68394.09000000,68105.73000000,68290.45000000,653.38105000
1772845200,68290.46000000,68369.11000000,68180.95000000,68262.01000000,316.06145000
1772848800,68262.01000000,68367.73000000,68060.60000000,68350.04000000,316.96409000
1772852400,68350.05000000,68551.04000000,68095.50000000,68095.50000000,450.32011000
1772856000,68095.50000000,68147.73000000,67817.00000000,68063.43000000,621.66509000
1772859600,68063.42000000,68140.49000000,67908.00000000,68018.26000000,493.88772000
1772863200,68018.27000000,68021.14000000,67612.21000000,67690.86000000,489.36583000
1772866800,67690.86000000,67865.23000000,67446.41000000,67842.67000000,768.74899000
1772870400,67842.67000000,68045.07000000,67720.98000000,67795.40000000,465.95331000
1772874000,67795.40000000,68074.97000000,67738.31000000,68000.00000000,332.46219000
1772877600,68000.00000000,68102.73000000,67870.43000000,67880.31000000,319.42039000
1772881200,67880.31000000,68232.27000000,67841.67000000,68010.01000000,372.24149000
1772884800,68010.00000000,68085.41000000,67900.01000000,67992.54000000,359.03867000
1772888400,67992.54000000,68081.16000000,67855.82000000,67931.06000000,318.23636000
1772892000,67931.06000000,68083.79000000,67609.44000000,68016.70000000,473.27443000
1772895600,68016.70000000,68034.67000000,67769.89000000,67877.45000000,577.84468000
1772899200,67877.45000000,67889.68000000,67702.20000000,67783.63000000,349.26910000
1772902800,67783.63000000,67935.01000000,67768.97000000,67788.41000000,217.68104000
1772906400,67788.40000000,67788.41000000,67480.00000000,67568.13000000,1180.24782000
1772910000,67568.13000000,67572.35000000,66915.26000000,67080.34000000,1312.23020000
1772913600,67080.33000000,67437.50000000,67068.01000000,67402.98000000,590.47118000
1772917200,67402.98000000,67483.05000000,67281.34000000,67452.98000000,638.99995000
1772920800,67452.97000000,67469.87000000,67101.31000000,67258.65000000,706.81324000
1772924400,67258.65000000,67403.85000000,67183.39000000,67262.91000000,394.96477000
1772928000,67262.91000000,67481.96000000,67181.04000000,67194.77000000,552.27054000
1772931600,67194.77000000,67353.57000000,67090.00000000,67297.27000000,565.85563000
1772935200,67297.27000000,67426.52000000,66833.58000000,66925.44000000,765.90711000
1772938800,66925.45000000,67083.10000000,66850.00000000,67000.26000000,999.40624000
1772942400,67000.26000000,67100.01000000,66547.15000000,66637.36000000,1206.88314000
1772946000,66637.35000000,67250.24000000,66617.76000000,67149.93000000,402.00353000
1772949600,67149.93000000,67231.86000000,67035.18000000,67161.52000000,246.63235000
1772953200,67161.52000000,67465.11000000,67154.91000000,67319.91000000,1010.57902000
1772956800,67319.90000000,67577.36000000,67156.93000000,67539.33000000,1008.62460000
1772960400,67539.34000000,67905.03000000,67474.00000000,67681.00000000,1111.87857000
1772964000,67681.00000000,68200.00000000,67680.99000000,67904.14000000,646.22527000
1772967600,67904.15000000,67904.15000000,67411.76000000,67515.00000000,536.67584000
1772971200,67515.00000000,67650.94000000,66888.00000000,67324.72000000,902.41572000
1772974800,67324.71000000,67431.81000000,66761.68000000,67234.86000000,1987.58970000
1772978400,67234.86000000,67426.69000000,67055.73000000,67339.76000000,695.31699000
1772982000,67339.75000000,67369.36000000,67080.00000000,67218.23000000,879.16155000
1772985600,67218.23000000,67268.44000000,66802.47000000,66872.15000000,538.75590000
1772989200,66872.15000000,67179.98000000,66800.01000000,67065.00000000,812.42846000
1772992800,67065.00000000,67076.00000000,66745.54000000,66804.00000000,487.97779000
1772996400,66803.99000000,67485.24000000,66779.82000000,67337.42000000,711.10669000
1773000000,67337.41000000,67609.08000000,67028.45000000,67238.80000000,1144.93227000
1773003600,67238.79000000,67266.00000000,66712.69000000,67020.01000000,959.03531000
1773007200,67020.01000000,67020.01000000,65618.49000000,66236.80000000,2742.02435000
1773010800,66236.80000000,66569.24000000,65930.30000000,65971.20000000,679.95244000
1773014400,65971.20000000,66773.00000000,65821.97000000,66370.01000000,951.35538000
1773018000,66370.01000000,66698.05000000,66131.25000000,66196.01000000,2263.78882000
1773021600,66196.01000000,66707.58000000,65959.00000000,66537.32000000,752.57114000
1773025200,66537.32000000,67668.64000000,66512.88000000,67205.05000000,1256.29482000
1773028800,67205.06000000,67610.00000000,67093.09000000,67130.14000000,848.47762000
1773032400,67131.10000000,68069.29000000,67113.02000000,67911.16000000,1145.71148000
1773036000,67911.15000000,67939.55000000,67236.78000000,67267.18000000,578.70307000
1773039600,67267.18000000,67575.81000000,66853.48000000,67555.13000000,1253.45589000
1773043200,67555.13000000,67929.19000000,67391.89000000,67814.69000000,1615.43129000
1773046800,67814.69000000,68460.09000000,67566.65000000,67981.02000000,1225.43841000
1773050400,67981.03000000,68088.92000000,67556.72000000,67608.13000000,687.12244000
1773054000,67608.13000000,67855.82000000,67344.45000000,67764.98000000,577.58612000
1773057600,67764.99000000,68348.26000000,67759.57000000,68151.93000000,970.32854000
1773061200,68151.93000000,69300.00000000,68133.93000000,68976.00000000,2460.13662000
1773064800,68975.80000000,69480.00000000,68696.28000000,69151.50000000,2377.05802000
1773068400,69151.50000000,69254.87000000,68717.86000000,68863.66000000,1995.45638000
1773072000,68863.67000000,69225.00000000,68614.47000000,68960.12000000,1086.01117000
1773075600,68960.12000000,69088.49000000,68270.34000000,68600.71000000,889.54053000
1773079200,68600.71000000,68705.76000000,68179.12000000,68356.37000000,1350.25926000
1773082800,68356.37000000,69516.65000000,68356.37000000,68991.93000000,1713.56623000
1773086400,68991.93000000,69145.28000000,68762.20000000,68961.71000000,507.40424000
1773090000,68961.15000000,69102.53000000,68660.94000000,68919.72000000,782.51759000
1773093600,68919.71000000,69030.56000000,68597.00000000,68635.88000000,943.05059000
1773097200,68635.88000000,68694.73000000,68384.69000000,68432.16000000,665.45565000
1773100800,68432.16000000,69290.42000000,68391.41000000,69157.37000000,1134.03591000
1773104400,69157.36000000,69389.06000000,68786.04000000,69260.01000000,1073.30020000
1773108000,69260.00000000,70578.29000000,69103.12000000,70272.01000000,2010.96480000
1773111600,70272.00000000,70370.86000000,69390.00000000,69429.85000000,1096.27179000
1773115200,69429.85000000,70132.27000000,69429.85000000,70072.94000000,1112.05227000
1773118800,70072.95000000,70355.06000000,69885.71000000,69971.34000000,874.03346000
1773122400,69971.34000000,70185.24000000,69750.62000000,69910.91000000,1140.99151000
1773126000,69910.91000000,70546.74000000,69805.70000000,70406.01000000,1780.20471000
1773129600,70406.01000000,71097.64000000,70369.00000000,70709.37000000,1852.19984000
1773133200,70709.37000000,71300.00000000,70653.24000000,71078.92000000,1664.83143000
1773136800,71078.92000000,71086.86000000,70660.89000000,70774.04000000,1808.06147000
1773140400,70774.04000000,70865.73000000,70540.40000000,70580.94000000,945.42456000
1773144000,70580.95000000,70628.19000000,70290.88000000,70519.86000000,702.95479000
1773147600,70519.86000000,70926.46000000,69723.25000000,69921.12000000,1644.54716000
1773151200,69921.12000000,71527.54000000,69266.06000000,71467.81000000,2553.72955000
1773154800,71467.81000000,71777.00000000,70900.05000000,71346.16000000,2098.87598000
1773158400,71346.17000000,71700.00000000,70943.31000000,71268.59000000,1291.34054000
1773162000,71268.58000000,71452.00000000,70512.64000000,70868.61000000,1383.62950000
1773165600,70868.62000000,70914.90000000,69901.00000000,70013.87000000,1837.40169000
1773169200,70013.87000000,70290.00000000,69739.00000000,70043.63000000,992.60769000
1773172800,70043.63000000,70350.00000000,70007.52000000,70235.60000000,671.88971000
1773176400,70236.34000000,70417.30000000,69541.91000000,69763.01000000,830.86870000
1773180000,69763.02000000,69869.90000000,69452.42000000,69721.58000000,937.20086000
1773183600,69721.58000000,69981.80000000,69698.46000000,69948.63000000,1165.15914000
1773187200,69948.64000000,70173.25000000,69759.63000000,70044.87000000,728.92961000
1773190800,70044.87000000,70144.00000000,69880.00000000,70071.26000000,947.24879000
1773194400,70071.26000000,70119.59000000,69614.00000000,69810.72000000,1612.87548000
1773198000,69810.73000000,69887.11000000,69488.70000000,69551.91000000,1113.41409000
1773201600,69551.91000000,70281.87000000,69501.55000000,70130.99000000,759.41600000
1773205200,70130.99000000,70200.96000000,69420.00000000,69510.36000000,757.81378000
1773208800,69510.37000000,69996.00000000,69500.01000000,69950.01000000,391.73761000
1773212400,69950.01000000,70018.49000000,69500.67000000,69648.29000000,1171.57725000
1773216000,69648.28000000,69786.32000000,69500.00000000,69662.24000000,672.55865000
1773219600,69662.24000000,69752.06000000,69384.50000000,69466.75000000,939.05652000
1773223200,69466.75000000,69726.45000000,69390.91000000,69604.90000000,1028.34397000
1773226800,69604.90000000,69755.10000000,69150.28000000,69173.00000000,898.77254000
1773230400,69172.99000000,69777.66000000,68977.91000000,69361.13000000,1045.64069000
1773234000,69361.13000000,71091.18000000,69331.04000000,70186.09000000,2647.32148000
1773237600,70186.08000000,70987.00000000,69906.77000000,70578.70000000,2251.77658000
1773241200,70578.70000000,70654.43000000,69702.25000000,70227.91000000,1844.69630000
1773244800,70227.92000000,70826.39000000,70161.78000000,70570.71000000,1837.92404000
1773248400,70570.71000000,71321.00000000,70512.01000000,70785.99000000,2122.20651000
1773252000,70785.99000000,70895.31000000,70415.27000000,70617.64000000,1134.13411000
1773255600,70617.63000000,70742.38000000,70375.68000000,70641.82000000,644.23151000
1773259200,70641.81000000,70700.00000000,70394.23000000,70634.96000000,383.34496000
1773262800,70634.96000000,70777.17000000,70499.94000000,70741.26000000,576.42683000
1773266400,70741.27000000,70950.00000000,70241.53000000,70373.01000000,1098.26512000
1773270000,70373.01000000,70505.00000000,70125.83000000,70191.86000000,641.56300000
1773273600,70191.86000000,70353.87000000,70130.23000000,70225.34000000,658.09363000
1773277200,70225.34000000,70226.94000000,69754.94000000,69841.31000000,760.55263000
1773280800,69841.30000000,69887.93000000,69226.52000000,69286.56000000,742.38929000
1773284400,69286.55000000,69628.25000000,69246.23000000,69446.61000000,415.13842000
1773288000,69446.61000000,69676.88000000,69296.43000000,69372.00000000,436.68208000
1773291600,69372.00000000,69539.61000000,69205.91000000,69480.54000000,734.74043000
1773295200,69480.54000000,69561.84000000,69315.63000000,69501.44000000,719.76894000
1773298800,69501.45000000,69865.98000000,69408.88000000,69826.19000000,830.78197000
1773302400,69826.19000000,70116.37000000,69698.33000000,69917.37000000,1246.32882000
1773306000,69917.36000000,70400.00000000,69580.00000000,69952.51000000,1284.31562000
1773309600,69952.51000000,70511.00000000,69856.00000000,70412.11000000,911.03902000
1773313200,70412.10000000,70800.00000000,70367.97000000,70427.91000000,1207.70061000
1773316800,70427.90000000,70617.66000000,70277.38000000,70381.80000000,847.51801000
1773320400,70381.80000000,70534.65000000,69645.00000000,69972.15000000,1340.77540000
1773324000,69972.20000000,70660.69000000,69355.34000000,69590.09000000,2130.67842000
1773327600,69590.09000000,70565.43000000,69476.14000000,70334.88000000,1778.50463000
1773331200,70334.89000000,70569.15000000,69905.71000000,70381.16000000,1271.41787000
1773334800,70381.15000000,70547.19000000,70076.16000000,70212.06000000,843.93551000
1773338400,70212.05000000,70303.51000000,69800.00000000,69819.64000000,742.85798000
1773342000,69819.64000000,70548.81000000,69770.85000000,70432.32000000,757.84664000
1773345600,70432.33000000,70555.20000000,70111.28000000,70164.49000000,618.18553000
1773349200,70164.50000000,70470.00000000,70164.50000000,70268.55000000,355.90233000
1773352800,70268.54000000,70305.26000000,70013.17000000,70175.64000000,467.42484000
1773356400,70175.64000000,70734.25000000,70159.35000000,70541.34000000,894.58188000
1773360000,70541.34000000,72000.00000000,70386.01000000,71475.61000000,2857.31114000
1773363600,71475.60000000,71759.95000000,71283.99000000,71672.39000000,975.74666000
1773367200,71672.38000000,71696.68000000,71045.52000000,71143.80000000,994.81538000
1773370800,71143.80000000,71508.87000000,70964.43000000,71405.75000000,927.82134000
1773374400,71405.76000000,71493.77000000,71214.01000000,71393.94000000,780.92498000
1773378000,71393.93000000,71637.54000000,71242.02000000,71546.29000000,1178.90406000
1773381600,71546.28000000,71593.22000000,71180.19000000,71342.00000000,1081.97604000
1773385200,71342.00000000,71672.76000000,71236.08000000,71612.22000000,1139.83190000
1773388800,71612.23000000,72142.85000000,71385.28000000,71821.02000000,1820.16796000
1773392400,71821.01000000,72100.37000000,71589.81000000,72006.57000000,925.21442000
1773396000,72006.56000000,72575.98000000,71995.53000000,72458.12000000,1635.35127000
1773399600,72458.11000000,72526.12000000,72207.41000000,72228.82000000,724.41705000
1773403200,72228.81000000,72884.68000000,72210.00000000,72784.73000000,1142.93241000
1773406800,72784.73000000,73585.27000000,72684.88000000,73379.18000000,3297.40201000
1773410400,73379.18000000,73913.74000000,72350.00000000,72382.72000000,4558.05031000
1773414000,72382.72000000,72829.12000000,71736.34000000,71831.46000000,3305.45471000
1773417600,71831.46000000,72100.00000000,71154.54000000,71885.57000000,2334.34610000
1773421200,71885.56000000,72249.99000000,70914.09000000,71037.93000000,1889.70074000
1773424800,71037.93000000,71350.94000000,70841.23000000,71055.45000000,738.18799000
1773428400,71055.45000000,71309.94000000,71006.19000000,71189.95000000,507.07823000
1773432000,71189.96000000,71469.53000000,71150.00000000,71346.84000000,554.47290000
1773435600,71346.84000000,71491.03000000,71058.25000000,71104.65000000,650.14338000
1773439200,71104.65000000,71189.26000000,70559.02000000,70814.00000000,863.33877000
1773442800,70814.00000000,71005.30000000,70688.45000000,70930.00000000,1113.02703000
1773446400,70930.01000000,70951.80000000,70555.00000000,70631.97000000,763.50434000
1773450000,70631.96000000,70941.05000000,70481.70000000,70831.70000000,791.55133000
1773453600,70831.70000000,70948.66000000,70735.21000000,70783.27000000,1013.67533000
1773457200,70783.27000000,71185.23000000,70783.26000000,71081.30000000,944.72261000
1773460800,71081.31000000,71307.92000000,71021.11000000,71039.58000000,707.08065000
1773464400,71039.57000000,71151.30000000,70916.96000000,71013.75000000,759.34070000
1773468000,71013.75000000,71013.75000000,70317.00000000,70622.08000000,712.17672000
1773471600,70622.09000000,70743.88000000,70489.03000000,70596.68000000,750.98425000
1773475200,70596.68000000,70710.76000000,70536.58000000,70585.63000000,461.44808000
1773478800,70585.64000000,70728.07000000,70400.00000000,70501.16000000,893.97396000
1773482400,70501.16000000,70575.10000000,70389.08000000,70570.44000000,624.35522000
1773486000,70570.44000000,70784.38000000,70562.66000000,70751.42000000,515.18098000
1773489600,70751.42000000,70835.48000000,70616.44000000,70780.59000000,472.56223000
1773493200,70780.59000000,70930.56000000,70711.54000000,70847.35000000,886.49950000
1773496800,70847.34000000,70941.17000000,70578.76000000,70599.22000000,329.16955000
1773500400,70599.23000000,70728.59000000,70501.00000000,70580.09000000,849.34654000
1773504000,70580.09000000,70709.40000000,70500.00000000,70672.53000000,379.28346000
1773507600,70672.52000000,70733.02000000,70590.00000000,70617.01000000,134.37087000
1773511200,70617.01000000,70708.88000000,70559.35000000,70668.23000000,95.80359000
1773514800,70668.23000000,70740.34000000,70595.14000000,70700.00000000,77.47303000
1773518400,70699.99000000,70856.40000000,70650.09000000,70805.71000000,114.01852000
1773522000,70805.71000000,70825.04000000,70661.06000000,70799.99000000,113.91325000
1773525600,70799.99000000,70805.15000000,70695.29000000,70710.91000000,89.24315000
1773529200,70710.90000000,71253.17000000,70710.90000000,71211.95000000,537.56951000
1773532800,71211.95000000,71220.74000000,70967.59000000,70985.28000000,576.24004000
1773536400,70985.29000000,71037.41000000,70858.82000000,70985.83000000,340.54476000
1773540000,70985.84000000,71634.08000000,70985.84000000,71450.53000000,895.09143000
1773543600,71450.54000000,71538.03000000,71240.68000000,71363.14000000,779.68802000
1773547200,71363.13000000,71661.55000000,71330.66000000,71606.32000000,779.77883000
1773550800,71606.31000000,71800.68000000,71476.00000000,71489.68000000,792.96245000
1773554400,71489.67000000,71595.43000000,71373.75000000,71458.41000000,528.89919000
1773558000,71458.41000000,71658.44000000,71411.88000000,71453.59000000,276.05348000
1773561600,71453.59000000,71736.72000000,71453.59000000,71717.50000000,551.40345000
1773565200,71717.50000000,71940.49000000,71713.90000000,71791.10000000,640.93656000
1773568800,71791.11000000,71919.19000000,71714.37000000,71783.09000000,525.01350000
1773572400,71783.10000000,71888.00000000,71659.71000000,71839.42000000,452.79199000
1773576000,71839.41000000,71839.42000000,71560.21000000,71610.33000000,324.76249000
1773579600,71610.33000000,71679.81000000,71263.99000000,71607.54000000,1108.48189000
1773583200,71607.54000000,71635.56000000,71341.68000000,71622.03000000,452.09243000
1773586800,71622.04000000,71626.00000000,71410.00000000,71481.24000000,210.01259000
1773590400,71481.24000000,71586.75000000,71320.08000000,71437.35000000,302.61771000
1773594000,71437.35000000,71989.93000000,71409.74000000,71819.95000000,365.80062000
1773597600,71819.96000000,71885.55000000,71321.87000000,71390.53000000,321.10675000
1773601200,71390.53000000,71582.83000000,71338.67000000,71549.94000000,251.59972000
1773604800,71549.94000000,71930.00000000,71433.75000000,71730.81000000,236.54566000
1773608400,71730.81000000,72222.00000000,71629.99000000,72109.58000000,459.80342000
1773612000,72109.59000000,73081.77000000,71725.74000000,72749.44000000,1471.44945000
1773615600,72749.45000000,73199.00000000,72420.44000000,72815.24000000,1393.63061000
1773619200,72815.25000000,73008.94000000,72452.26000000,72531.26000000,685.43450000
1773622800,72531.27000000,72852.28000000,72270.41000000,72752.90000000,715.87613000
1773626400,72752.90000000,72852.28000000,72368.08000000,72514.69000000,487.11967000
1773630000,72514.69000000,74330.34000000,72436.02000000,73573.32000000,3424.72669000
1773633600,73573.31000000,74451.03000000,73573.31000000,73835.62000000,1907.76761000
1773637200,73835.62000000,74258.07000000,73720.00000000,74207.49000000,1421.12171000
1773640800,74207.49000000,74207.50000000,73610.00000000,73714.36000000,1229.39836000
1773644400,73714.36000000,73924.83000000,73385.18000000,73456.68000000,958.93738000
1773648000,73456.69000000,73776.13000000,72888.80000000,73135.00000000,1562.06854000
1773651600,73135.00000000,73331.88000000,73057.25000000,73260.92000000,531.72090000
1773655200,73260.92000000,73783.42000000,73202.89000000,73783.42000000,1038.45265000
1773658800,73783.42000000,73838.76000000,73515.33000000,73552.77000000,680.69185000
1773662400,73552.78000000,74044.00000000,73465.46000000,73864.80000000,921.55759000
1773666000,73864.81000000,74509.52000000,73787.00000000,74109.55000000,1593.51066000
1773669600,74109.56000000,74460.19000000,72990.52000000,73565.54000000,2204.69587000
1773673200,73565.54000000,74030.00000000,73186.50000000,73274.76000000,1024.65577000
1773676800,73274.75000000,73901.95000000,73160.66000000,73760.63000000,1016.72181000
1773680400,73760.63000000,74065.70000000,73648.70000000,73943.18000000,906.04408000
1773684000,73943.17000000,74356.32000000,73860.00000000,73913.60000000,1086.95746000
1773687600,73913.60000000,74418.60000000,73781.54000000,73963.00000000,1122.08511000
1773691200,73963.00000000,74248.95000000,73863.20000000,74236.90000000,424.59345000
1773694800,74236.90000000,74799.00000000,74150.00000000,74401.36000000,1246.95221000
1773698400,74401.35000000,74899.99000000,74378.43000000,74772.66000000,1058.73068000
1773702000,74773.56000000,74909.08000000,74250.21000000,74884.67000000,1159.70951000
1773705600,74884.67000000,75520.23000000,74614.18000000,75318.48000000,2173.53670000
1773709200,75318.48000000,76000.00000000,75074.37000000,75623.91000000,1953.08873000
1773712800,75623.91000000,75677.66000000,75114.67000000,75198.02000000,1068.24779000
1773716400,75198.02000000,75326.15000000,74268.73000000,74463.98000000,1730.33731000
1773720000,74463.98000000,74712.89000000,73980.16000000,74252.01000000,2017.11887000
1773723600,74252.00000000,74459.99000000,73784.00000000,74036.74000000,1250.81696000
1773727200,74036.74000000,74276.66000000,73877.56000000,74085.45000000,879.74749000
1773730800,74085.46000000,74457.72000000,74066.40000000,74249.32000000,771.24200000
1773734400,74249.32000000,74452.97000000,74108.01000000,74188.38000000,461.65295000
1773738000,74188.38000000,74406.03000000,73841.62000000,73937.16000000,864.16263000
1773741600,73937.16000000,73960.74000000,73560.98000000,73729.45000000,1049.06910000
1773745200,73729.45000000,74224.16000000,73682.01000000,74033.11000000,647.95804000
1773748800,74033.10000000,74170.55000000,73672.25000000,73739.74000000,614.23436000
1773752400,73739.74000000,74167.39000000,73399.19000000,73615.48000000,1159.88444000
1773756000,73615.49000000,74425.31000000,73424.79000000,74381.70000000,1362.71508000
1773759600,74381.69000000,74893.94000000,73669.91000000,73914.39000000,1370.72331000
1773763200,73914.40000000,74350.00000000,73855.24000000,74155.69000000,747.87279000
1773766800,74155.68000000,74594.00000000,74006.58000000,74523.75000000,826.10844000
1773770400,74523.76000000,74769.17000000,74386.11000000,74683.04000000,707.46038000
1773774000,74683.04000000,74800.00000000,74427.25000000,74512.17000000,768.60522000
1773777600,74511.21000000,74685.50000000,74359.87000000,74506.75000000,466.76372000
1773781200,74506.75000000,74799.00000000,74450.01000000,74685.42000000,618.20101000
1773784800,74685.42000000,74772.14000000,73934.00000000,74307.08000000,488.30847000
1773788400,74307.08000000,74398.74000000,73871.74000000,73909.36000000,523.41057000
1773792000,73909.37000000,74063.22000000,73535.36000000,73867.88000000,673.31061000
1773795600,73867.88000000,74211.43000000,73820.69000000,74072.30000000,537.72886000
1773799200,74072.30000000,74476.00000000,74051.78000000,74338.93000000,549.53806000
1773802800,74338.93000000,74672.34000000,74250.27000000,74446.14000000,459.80928000
1773806400,74446.14000000,74486.30000000,74137.02000000,74175.49000000,472.35206000
1773810000,74175.48000000,74312.11000000,73830.76000000,73950.00000000,662.80056000
1773813600,73950.01000000,74225.82000000,73938.10000000,73954.03000000,652.79254000
1773817200,73954.03000000,73997.04000000,73700.01000000,73883.80000000,504.72370000
1773820800,73883.80000000,74130.02000000,73863.31000000,74044.89000000,735.50464000
1773824400,74044.90000000,74281.33000000,74042.85000000,74181.08000000,347.16358000
1773828000,74181.08000000,74267.77000000,73816.26000000,73946.35000000,478.90858000
1773831600,73946.35000000,74074.84000000,72800.00000000,72952.85000000,1877.69179000
1773835200,72952.85000000,72981.79000000,72271.11000000,72361.24000000,1819.95371000
1773838800,72361.13000000,72556.81000000,71980.00000000,72133.49000000,1607.02731000
1773842400,72133.48000000,72222.45000000,71100.00000000,71193.23000000,2385.98822000
1773846000,71193.23000000,71531.54000000,70857.21000000,71467.82000000,2560.23665000
1773849600,71467.82000000,71565.78000000,71037.34000000,71314.08000000,967.21409000
1773853200,71314.07000000,71750.00000000,71199.87000000,71595.21000000,1025.99840000
1773856800,71595.21000000,72000.50000000,70947.78000000,71096.74000000,1475.11719000
1773860400,71096.75000000,71486.14000000,70933.85000000,71072.38000000,867.91916000
1773864000,71072.38000000,71333.33000000,70500.00000000,71214.67000000,1180.62213000
1773867600,71214.67000000,71451.22000000,71167.15000000,71263.67000000,338.26453000
1773871200,71263.67000000,71269.02000000,70944.56000000,71153.66000000,520.94837000
1773874800,71153.67000000,71365.40000000,71069.69000000,71246.54000000,691.26691000
1773878400,71246.55000000,71321.81000000,70976.69000000,71002.17000000,887.95607000
1773882000,71002.18000000,71182.44000000,70951.93000000,71115.23000000,391.40796000
1773885600,71115.24000000,71252.83000000,70902.37000000,71055.44000000,554.97617000
1773889200,71055.44000000,71613.79000000,71053.33000000,71215.39000000,593.60943000
1773892800,71215.39000000,71215.39000000,70654.86000000,70822.07000000,702.86032000
1773896400,70822.06000000,70909.88000000,70661.56000000,70826.54000000,416.16191000
1773900000,70826.55000000,70979.99000000,70505.00000000,70583.22000000,619.85140000
1773903600,70583.22000000,70600.04000000,69478.51000000,70191.17000000,2753.95570000
1773907200,70191.16000000,70300.00000000,69900.00000000,69985.19000000,1015.64209000
1773910800,69985.19000000,70560.91000000,69971.99000000,70513.00000000,1262.65596000
1773914400,70513.00000000,70538.74000000,70117.00000000,70133.72000000,613.17552000
1773918000,70133.73000000,70259.37000000,69909.09000000,69952.75000000,542.70053000
1773921600,69952.75000000,69952.76000000,69105.49000000,69290.27000000,1452.42038000
1773925200,69290.28000000,70084.35000000,69081.51000000,69905.65000000,1720.19325000
1773928800,69905.65000000,70179.53000000,69096.16000000,69482.25000000,1636.49639000
1773932400,69482.24000000,69917.87000000,68793.35000000,69412.51000000,1898.28931000
1773936000,69412.52000000,69642.35000000,69177.19000000,69455.86000000,858.32753000
1773939600,69455.86000000,69954.18000000,69122.03000000,69854.16000000,759.67868000
1773943200,69854.15000000,69931.10000000,69581.55000000,69821.21000000,442.61763000
1773946800,69821.21000000,70596.42000000,69805.33000000,70271.99000000,1190.55299000
1773950400,70272.00000000,70676.00000000,70201.00000000,70483.03000000,488.71031000
1773954000,70483.03000000,70695.60000000,70371.19000000,70413.47000000,418.78383000
1773957600,70413.46000000,70501.89000000,69954.05000000,70183.99000000,551.74820000
1773961200,70184.00000000,70282.47000000,69718.23000000,69930.00000000,592.04663000
1773964800,69930.01000000,70311.12000000,69837.10000000,70181.00000000,871.72419000
1773968400,70181.00000000,70588.50000000,70181.00000000,70403.79000000,526.82154000
1773972000,70403.80000000,70516.16000000,70086.86000000,70415.47000000,312.91426000
1773975600,70415.48000000,70809.43000000,70388.00000000,70729.92000000,711.57589000
1773979200,70729.93000000,70969.71000000,70557.91000000,70783.69000000,546.53749000
1773982800,70783.70000000,70867.44000000,70521.73000000,70606.24000000,367.69531000
1773986400,70606.23000000,70646.93000000,70346.49000000,70502.90000000,758.81391000
1773990000,70502.91000000,70939.58000000,70160.06000000,70854.66000000,936.89906000
1773993600,70854.66000000,71367.00000000,70800.00000000,71042.23000000,1011.96314000
1773997200,71042.23000000,71042.23000000,70419.65000000,70583.80000000,885.49116000
1774000800,70583.81000000,70670.43000000,70218.68000000,70611.68000000,609.11713000
1774004400,70611.68000000,70810.81000000,70303.36000000,70478.71000000,605.56445000
1774008000,70478.71000000,70685.63000000,70251.00000000,70342.63000000,613.27107000
1774011600,70342.63000000,70613.75000000,69795.70000000,69863.84000000,1225.89394000
1774015200,69863.85000000,70268.66000000,69589.38000000,69731.21000000,1679.84994000
1774018800,69731.20000000,70002.68000000,69480.00000000,69860.09000000,1196.90076000
1774022400,69860.09000000,70100.00000000,69608.54000000,69829.26000000,922.25773000
1774026000,69829.27000000,70039.78000000,69388.00000000,70000.00000000,998.84797000
1774029600,69999.99000000,70071.81000000,69525.33000000,69770.00000000,630.47960000
1774033200,69770.01000000,70190.18000000,69673.76000000,70177.86000000,528.39593000
1774036800,70177.85000000,70259.28000000,69754.71000000,70057.66000000,435.39665000
1774040400,70057.66000000,70726.13000000,69946.65000000,70540.73000000,780.46042000
1774044000,70540.72000000,70923.75000000,70532.00000000,70767.85000000,591.69583000
1774047600,70767.85000000,70771.13000000,70430.00000000,70510.73000000,372.60008000
1774051200,70510.73000000,70826.00000000,70467.36000000,70682.19000000,274.67077000
1774054800,70682.20000000,70758.50000000,70445.36000000,70464.59000000,375.95226000
1774058400,70464.60000000,70785.90000000,70431.67000000,70737.60000000,316.88084000
1774062000,70737.60000000,70784.07000000,70632.39000000,70657.35000000,226.82019000
1774065600,70657.35000000,70819.00000000,70617.05000000,70642.13000000,487.10407000
1774069200,70642.14000000,70834.46000000,70635.10000000,70697.94000000,941.44912000
1774072800,70697.94000000,70831.14000000,70693.06000000,70774.65000000,857.26608000
1774076400,70773.55000000,70879.76000000,70677.44000000,70727.33000000,431.42703000
1774080000,70727.33000000,70753.79000000,70492.02000000,70594.43000000,956.10118000
1774083600,70594.42000000,70735.36000000,70570.40000000,70661.59000000,204.69969000
1774087200,70661.59000000,70695.32000000,70559.69000000,70605.64000000,524.32782000
1774090800,70605.64000000,70652.73000000,70567.79000000,70652.72000000,360.21459000
1774094400,70652.73000000,70800.00000000,70652.73000000,70722.61000000,199.41863000
1774098000,70722.61000000,70812.74000000,70707.12000000,70740.18000000,171.54370000
1774101600,70740.18000000,71100.94000000,70592.53000000,70629.10000000,873.72717000
1774105200,70629.09000000,70760.00000000,70453.09000000,70630.02000000,399.45062000
1774108800,70630.02000000,70652.64000000,70251.00000000,70301.66000000,435.70425000
1774112400,70301.66000000,70426.18000000,70210.00000000,70304.08000000,444.64800000
1774116000,70303.45000000,70534.38000000,70290.48000000,70389.19000000,200.58580000
1774119600,70389.18000000,70448.79000000,70324.70000000,70396.00000000,140.45698000
1774123200,70396.01000000,70508.11000000,70358.90000000,70462.28000000,697.39549000
1774126800,70462.27000000,70516.82000000,70268.06000000,70345.57000000,629.83259000
1774130400,70345.57000000,70384.95000000,70265.55000000,70277.22000000,737.88495000
1774134000,70277.21000000,70293.82000000,68571.42000000,68918.12000000,2509.60568000
1774137600,68918.12000000,69155.86000000,68228.50000000,68954.71000000,2161.16442000
1774141200,68954.70000000,69100.00000000,68762.31000000,68962.40000000,809.55651000
1774144800,68962.40000000,69411.10000000,68951.21000000,69278.12000000,506.62838000
1774148400,69278.12000000,69588.79000000,69123.13000000,69339.99000000,671.14040000
1774152000,69340.00000000,69526.85000000,69215.89000000,69358.00000000,626.75701000
1774155600,69358.00000000,69358.00000000,69150.00000000,69153.41000000,322.14134000
1774159200,69153.41000000,69245.79000000,69059.87000000,69164.06000000,378.08519000
1774162800,69164.06000000,69250.08000000,68892.93000000,68919.38000000,432.94301000
1774166400,68919.37000000,68990.67000000,68523.96000000,68804.77000000,1053.77702000
1774170000,68804.77000000,68901.65000000,68587.78000000,68826.20000000,383.82763000
1774173600,68826.21000000,68847.83000000,68584.27000000,68648.17000000,360.03346000
1774177200,68648.16000000,68691.03000000,68110.55000000,68217.95000000,784.43160000
1774180800,68217.94000000,68763.18000000,68199.04000000,68654.83000000,484.24300000
1774184400,68654.83000000,68957.24000000,68548.32000000,68700.02000000,548.07349000
1774188000,68700.02000000,68915.27000000,68542.10000000,68711.66000000,385.54476000
1774191600,68711.66000000,69005.71000000,68700.00000000,68847.96000000,391.17296000
1774195200,68847.97000000,68885.53000000,68665.62000000,68805.58000000,258.25035000
1774198800,68805.58000000,68848.32000000,68665.34000000,68673.02000000,252.16281000
1774202400,68672.85000000,68743.18000000,68344.57000000,68618.58000000,340.01718000
1774206000,68618.57000000,68626.07000000,68145.01000000,68199.93000000,472.99305000
1774209600,68199.93000000,68498.40000000,68080.00000000,68176.46000000,319.53245000
1774213200,68176.47000000,68228.71000000,67360.66000000,67899.97000000,1535.47353000
1774216800,67899.97000000,68396.94000000,67571.67000000,68339.37000000,856.56100000
1774220400,68339.38000000,68474.00000000,67839.99000000,67859.00000000,509.27627000
1774224000,67859.00000000,68161.41000000,67445.18000000,67669.99000000,823.69218000
1774227600,67670.00000000,68157.31000000,67536.01000000,67905.00000000,628.21786000
1774231200,67905.00000000,68400.00000000,67801.67000000,68320.72000000,627.90507000
1774234800,68320.72000000,68585.12000000,68059.88000000,68074.60000000,415.80047000
1774238400,68074.60000000,68550.00000000,68057.56000000,68541.00000000,486.61149000
1774242000,68541.00000000,68915.40000000,68541.00000000,68899.92000000,1162.54953000
1774245600,68899.92000000,68904.42000000,67698.86000000,67874.19000000,1218.88217000
1774249200,67874.20000000,68464.42000000,67502.48000000,68333.16000000,1946.35809000
1774252800,68333.16000000,68696.91000000,68328.55000000,68434.26000000,1238.43118000
1774256400,68434.27000000,68471.11000000,67916.14000000,68334.01000000,382.31585000
1774260000,68334.01000000,68714.28000000,68299.82000000,68551.02000000,494.85509000
1774263600,68551.02000000,71499.00000000,68544.15000000,70122.15000000,7050.35572000
1774267200,70122.15000000,70877.35000000,69671.95000000,70752.15000000,1915.66623000
1774270800,70752.14000000,71587.98000000,70600.00000000,71481.13000000,1712.52184000
1774274400,71481.13000000,71817.09000000,71127.14000000,71446.46000000,1663.17727000
1774278000,71446.46000000,71660.01000000,70103.21000000,70131.48000000,2051.70929000
1774281600,70131.48000000,70753.43000000,70131.47000000,70561.54000000,1367.86918000
1774285200,70561.54000000,71119.09000000,70363.63000000,71085.16000000,673.70407000
1774288800,71085.16000000,71195.21000000,70879.85000000,71076.22000000,593.89042000
1774292400,71076.22000000,71246.01000000,70649.40000000,70679.05000000,615.85820000
1774296000,70679.04000000,70983.33000000,70559.03000000,70915.59000000,394.04509000
1774299600,70915.59000000,70998.00000000,70827.66000000,70851.35000000,222.54858000
1774303200,70851.36000000,70896.76000000,70520.22000000,70780.22000000,279.98300000
1774306800,70780.22000000,70998.00000000,70404.39000000,70906.45000000,368.14332000
1774310400,70906.45000000,71099.96000000,70423.36000000,70679.20000000,735.82970000
1774314000,70679.20000000,70891.53000000,70278.46000000,70516.57000000,730.30371000
1774317600,70516.57000000,70698.00000000,70369.46000000,70453.37000000,431.98798000
1774321200,70453.38000000,70583.36000000,70404.54000000,70542.90000000,380.97532000
1774324800,70542.90000000,70741.64000000,70247.91000000,70372.44000000,474.91642000
1774328400,70372.45000000,70374.38000000,70119.06000000,70283.85000000,641.69358000
1774332000,70283.84000000,70572.83000000,70253.23000000,70541.38000000,850.05748000
1774335600,70541.39000000,71400.00000000,70488.00000000,71291.70000000,1722.67702000
1774339200,71291.70000000,71349.10000000,70850.11000000,70964.15000000,725.27631000
1774342800,70964.16000000,71368.61000000,70851.77000000,71316.97000000,511.50447000
1774346400,71316.98000000,71328.59000000,71078.09000000,71272.87000000,680.81546000
1774350000,71272.87000000,71327.26000000,70964.94000000,71157.77000000,560.33228000
1774353600,71157.77000000,71177.66000000,70860.18000000,70956.48000000,460.81810000
1774357200,70956.48000000,71059.59000000,69968.02000000,70100.46000000,1729.62355000
1774360800,70100.46000000,70462.91000000,69507.34000000,69869.93000000,1973.02189000
1774364400,69869.93000000,70255.37000000,69770.85000000,69873.04000000,1419.67177000
1774368000,69873.04000000,70001.92000000,69340.08000000,69476.87000000,889.76128000
1774371600,69476.88000000,69512.73000000,68923.07000000,69238.43000000,1294.24297000
1774375200,69238.44000000,69746.40000000,69168.64000000,69430.24000000,808.06583000
1774378800,69430.25000000,69700.00000000,69277.04000000,69377.33000000,547.42601000
1774382400,69377.33000000,70295.54000000,69296.15000000,70093.19000000,1018.45154000
1774386000,70093.19000000,70400.00000000,69901.39000000,70332.93000000,686.65263000
1774389600,70332.93000000,70586.86000000,70140.50000000,70316.96000000,686.91503000
1774393200,70316.96000000,70832.54000000,70270.00000000,70556.74000000,741.40211000
1774396800,70556.74000000,71100.28000000,70476.90000000,70840.75000000,784.33083000
1774400400,70840.75000000,70977.35000000,70629.72000000,70677.18000000,624.19197000
1774404000,70677.19000000,70781.39000000,70490.77000000,70531.09000000,582.86416000
1774407600,70531.10000000,70808.37000000,70408.00000000,70716.70000000,513.15296000
1774411200,70716.70000000,70977.49000000,70703.83000000,70968.64000000,623.46021000
1774414800,70968.64000000,71345.00000000,70940.00000000,71117.66000000,850.19172000
1774418400,71117.65000000,71260.00000000,70984.67000000,70991.83000000,934.75878000
1774422000,70991.82000000,71270.11000000,70891.31000000,70926.88000000,470.72474000
1774425600,70926.88000000,71503.94000000,70800.00000000,71248.39000000,1150.83138000
1774429200,71248.40000000,71415.12000000,71101.99000000,71345.91000000,598.42707000
1774432800,71345.91000000,71641.91000000,71291.69000000,71501.39000000,485.22161000
1774436400,71501.40000000,72026.09000000,71470.49000000,71678.97000000,1053.03231000
1774440000,71678.97000000,71955.17000000,71105.43000000,71715.24000000,1032.92186000
1774443600,71715.24000000,71963.71000000,71515.84000000,71581.42000000,982.27587000
1774447200,71581.42000000,71699.87000000,71230.51000000,71234.28000000,810.44092000
1774450800,71234.28000000,71301.37000000,70530.47000000,70832.99000000,1384.84596000
1774454400,70832.99000000,71752.88000000,70719.26000000,71324.01000000,1283.82328000
1774458000,71324.01000000,71389.14000000,70720.38000000,70779.00000000,662.98589000
1774461600,70778.99000000,71149.07000000,70681.07000000,70810.34000000,535.29926000
1774465200,70810.34000000,71093.37000000,70777.51000000,70883.31000000,513.05944000
1774468800,70883.32000000,71058.82000000,70646.34000000,71009.50000000,573.58151000
1774472400,71009.50000000,71175.00000000,70949.30000000,71035.24000000,379.86408000
1774476000,71035.25000000,71594.11000000,70947.61000000,71369.08000000,505.87572000
1774479600,71369.07000000,71511.83000000,71189.55000000,71336.53000000,383.33913000
1774483200,71336.53000000,71436.82000000,71142.38000000,71299.27000000,548.42613000
1774486800,71299.27000000,71377.04000000,71159.06000000,71252.11000000,522.16838000
1774490400,71252.11000000,71289.49000000,70672.37000000,70893.01000000,575.89477000
1774494000,70893.01000000,70968.66000000,70685.69000000,70921.47000000,510.54950000
1774497600,70921.47000000,70921.47000000,70721.46000000,70772.01000000,433.11432000
1774501200,70772.01000000,70796.32000000,69942.96000000,70016.98000000,1271.74189000
1774504800,70016.97000000,70152.63000000,69855.73000000,70097.18000000,1016.19011000
1774508400,70097.19000000,70167.60000000,69805.00000000,70087.44000000,713.03812000
1774512000,70087.44000000,70127.69000000,69806.39000000,70024.77000000,510.82818000
1774515600,70024.78000000,70144.44000000,69409.67000000,69562.41000000,1313.07806000
1774519200,69562.41000000,69719.96000000,69464.58000000,69517.68000000,694.15594000
1774522800,69517.68000000,69667.56000000,69192.96000000,69276.01000000,803.66639000
1774526400,69276.01000000,69461.28000000,69226.34000000,69436.42000000,589.82378000
1774530000,69436.42000000,69877.45000000,69218.00000000,69646.59000000,1361.59869000
1774533600,69646.59000000,69837.12000000,69259.25000000,69479.92000000,943.35709000
1774537200,69479.91000000,69497.73000000,68632.40000000,69082.64000000,1805.07582000
1774540800,69082.64000000,69142.94000000,68823.21000000,68932.52000000,949.52674000
1774544400,68932.53000000,69162.00000000,68377.83000000,68486.86000000,1130.52816000
1774548000,68486.86000000,68603.75000000,68153.00000000,68497.25000000,1402.56662000
1774551600,68497.25000000,68681.54000000,68358.80000000,68534.36000000,543.97259000
1774555200,68534.37000000,69478.42000000,68436.74000000,69005.21000000,1707.65634000
1774558800,69005.21000000,69205.43000000,68879.05000000,68921.10000000,598.68777000
1774562400,68921.10000000,69028.89000000,68603.24000000,68892.67000000,484.39394000
1774566000,68892.66000000,68994.16000000,68640.00000000,68820.31000000,390.41835000
1774569600,68820.31000000,68965.15000000,68531.37000000,68785.01000000,634.46014000
1774573200,68785.00000000,69066.51000000,68700.00000000,69051.27000000,555.05692000
1774576800,69051.27000000,69179.05000000,68862.00000000,68903.59000000,948.45642000
1774580400,68903.58000000,68924.00000000,68668.72000000,68767.51000000,576.98772000
1774584000,68767.50000000,68791.40000000,68304.14000000,68578.00000000,846.47748000
1774587600,68577.99000000,68865.88000000,68511.79000000,68630.77000000,773.74806000
1774591200,68630.76000000,68846.00000000,68567.62000000,68656.15000000,672.08820000
1774594800,68656.16000000,68955.53000000,68399.18000000,68540.48000000,1641.76445000
1774598400,68540.49000000,68635.07000000,67609.29000000,67920.50000000,1817.58289000
1774602000,67920.51000000,67960.32000000,67548.67000000,67695.81000000,812.25094000
1774605600,67695.81000000,67778.99000000,66326.38000000,66502.41000000,3012.92630000
1774609200,66502.41000000,66848.05000000,66231.96000000,66702.78000000,1683.20205000
1774612800,66702.78000000,66773.25000000,66432.19000000,66619.76000000,964.55681000
1774616400,66619.75000000,66757.30000000,66025.00000000,66188.32000000,2427.72498000
1774620000,66188.31000000,66404.00000000,65730.17000000,66205.06000000,2475.49917000
1774623600,66205.07000000,66638.25000000,65958.75000000,66112.82000000,2405.26081000
1774627200,66112.82000000,66177.99000000,65812.43000000,65979.29000000,1226.73521000
1774630800,65979.29000000,66290.00000000,65600.00000000,65632.92000000,1002.16119000
1774634400,65632.93000000,65951.96000000,65548.25000000,65836.69000000,915.82085000
1774638000,65836.69000000,66145.00000000,65700.00000000,66040.66000000,818.34010000
1774641600,66040.65000000,66152.51000000,65817.44000000,66020.76000000,511.09525000
1774645200,66020.77000000,66186.01000000,66013.00000000,66098.00000000,636.71362000
1774648800,66098.00000000,66098.01000000,65920.00000000,66020.79000000,739.86415000
1774652400,66020.79000000,66420.75000000,65970.25000000,66407.28000000,504.92186000
1774656000,66407.28000000,66520.46000000,66293.35000000,66431.55000000,499.89072000
1774659600,66431.54000000,66431.55000000,66056.09000000,66178.85000000,613.17173000
1774663200,66178.86000000,66251.67000000,65932.09000000,66053.20000000,490.39923000
1774666800,66053.20000000,66259.66000000,66053.19000000,66240.00000000,705.96536000
1774670400,66240.00000000,66304.72000000,66110.00000000,66285.01000000,452.84284000
1774674000,66285.01000000,66407.96000000,66202.01000000,66341.90000000,675.62625000
1774677600,66341.90000000,66500.00000000,66308.93000000,66382.00000000,485.97016000
1774681200,66382.00000000,66573.61000000,66379.80000000,66561.48000000,737.38217000
1774684800,66561.49000000,66570.09000000,66387.06000000,66409.33000000,708.34892000
1774688400,66409.34000000,66416.77000000,66243.01000000,66311.32000000,634.09125000
1774692000,66311.32000000,66411.79000000,66124.40000000,66221.38000000,306.12343000
1774695600,66221.37000000,66358.00000000,66201.91000000,66319.47000000,223.42305000
1774699200,66319.46000000,66527.01000000,66240.87000000,66455.09000000,344.10648000
1774702800,66455.10000000,67163.99000000,66407.65000000,66835.10000000,1040.57902000
1774706400,66835.10000000,66967.01000000,66666.66000000,66742.10000000,570.49869000
1774710000,66742.09000000,67288.94000000,66717.15000000,67014.91000000,771.68723000
1774713600,67014.92000000,67096.77000000,66855.24000000,66926.95000000,342.70522000
1774717200,66926.94000000,66996.61000000,66704.00000000,66846.21000000,310.89662000
1774720800,66846.20000000,66963.51000000,66834.87000000,66908.03000000,234.04169000
1774724400,66908.03000000,66954.00000000,66804.71000000,66916.52000000,202.96743000
1774728000,66916.52000000,67010.00000000,66906.00000000,66906.00000000,262.72665000
1774731600,66906.00000000,66926.31000000,66600.01000000,66685.53000000,291.07026000
1774735200,66685.53000000,66788.88000000,66588.22000000,66755.88000000,224.47432000
1774738800,66755.88000000,66755.88000000,66283.38000000,66377.03000000,333.40975000
1774742400,66377.04000000,66500.00000000,66281.40000000,66487.93000000,285.17232000
1774746000,66487.93000000,66620.00000000,66385.88000000,66569.22000000,295.19169000
1774749600,66569.22000000,66843.66000000,66540.96000000,66818.00000000,293.83335000
1774753200,66818.01000000,67130.50000000,66760.48000000,66912.00000000,660.94660000
1774756800,66912.00000000,66936.60000000,66717.51000000,66735.14000000,168.57240000
1774760400,66735.14000000,66828.05000000,66597.10000000,66771.94000000,418.44564000
1774764000,66771.94000000,66872.00000000,66636.00000000,66738.50000000,418.74617000
1774767600,66738.50000000,66752.61000000,66556.78000000,66671.00000000,346.10727000
1774771200,66671.00000000,66772.83000000,66600.00000000,66724.00000000,177.06023000
1774774800,66724.00000000,66773.02000000,66549.54000000,66634.01000000,225.04256000
1774778400,66634.01000000,66634.02000000,66418.00000000,66502.79000000,345.86500000
1774782000,66502.80000000,66988.01000000,66502.79000000,66816.28000000,336.66276000
1774785600,66816.29000000,66870.34000000,66703.07000000,66849.88000000,185.85649000
1774789200,66849.88000000,66875.24000000,66524.28000000,66580.36000000,359.56390000
1774792800,66580.36000000,66797.01000000,66461.00000000,66589.64000000,372.89659000
1774796400,66589.64000000,66730.60000000,66334.37000000,66523.00000000,518.27098000
1774800000,66523.01000000,66665.05000000,66435.75000000,66499.35000000,232.56305000
1774803600,66499.36000000,66546.00000000,66158.26000000,66385.84000000,329.15631000
1774807200,66385.84000000,66540.43000000,66321.66000000,66427.26000000,147.43013000
1774810800,66427.27000000,66477.81000000,66323.30000000,66348.62000000,285.67371000
1774814400,66348.61000000,66793.83000000,66348.61000000,66614.05000000,280.05501000
1774818000,66614.04000000,66756.51000000,66509.41000000,66710.12000000,220.10647000
1774821600,66710.12000000,66710.12000000,65000.00000000,65860.31000000,2219.11979000
1774825200,65860.31000000,66382.98000000,65859.91000000,66010.93000000,930.51742000
1774828800,66010.93000000,67059.66000000,65800.59000000,66280.25000000,1328.87485000
1774832400,66280.24000000,66834.79000000,66280.24000000,66653.74000000,685.87133000
1774836000,66653.74000000,67450.00000000,66580.01000000,67121.01000000,1220.60217000
1774839600,67121.01000000,67319.33000000,66977.62000000,67173.80000000,466.26604000
1774843200,67173.80000000,67650.01000000,67167.92000000,67616.29000000,809.57231000
1774846800,67616.28000000,67800.00000000,67442.00000000,67492.46000000,627.15632000
1774850400,67492.46000000,67585.97000000,67278.53000000,67305.14000000,721.78350000
1774854000,67305.14000000,67624.39000000,67227.88000000,67624.39000000,584.47106000
1774857600,67624.39000000,67946.02000000,67604.56000000,67666.44000000,1729.15176000
1774861200,67666.44000000,67698.62000000,67460.00000000,67495.46000000,607.44273000
1774864800,67495.46000000,67518.37000000,67360.41000000,67488.53000000,255.63666000
1774868400,67488.88000000,68042.30000000,67488.88000000,67680.45000000,790.86208000
1774872000,67680.44000000,67979.93000000,67666.17000000,67899.59000000,627.65449000
1774875600,67899.59000000,68169.65000000,67428.57000000,67529.52000000,1379.99177000
1774879200,67529.52000000,67864.49000000,67088.73000000,67799.54000000,1205.57197000
1774882800,67799.54000000,67896.89000000,67407.63000000,67629.40000000,964.70473000
1774886400,67629.40000000,67641.65000000,67222.00000000,67368.10000000,660.26793000
1774890000,67368.10000000,67465.20000000,66650.00000000,66828.02000000,917.71373000
1774893600,66828.02000000,66929.18000000,66508.25000000,66653.46000000,498.11738000
1774897200,66653.45000000,66664.57000000,66233.13000000,66550.05000000,597.89786000
1774900800,66550.06000000,66691.48000000,66523.75000000,66651.40000000,324.61202000
1774904400,66651.41000000,66994.17000000,66587.32000000,66809.30000000,481.42200000
1774908000,66809.30000000,66989.10000000,66683.72000000,66784.98000000,169.50316000
1774911600,66784.97000000,66797.38000000,66419.79000000,66797.37000000,698.24190000
1774915200,66797.38000000,67303.33000000,66544.51000000,67208.75000000,658.94529000
1774918800,67208.74000000,68408.37000000,67050.00000000,67938.54000000,1458.05548000
1774922400,67938.05000000,68096.87000000,67775.18000000,67943.43000000,435.18783000
1774926000,67943.43000000,68009.99000000,67648.20000000,67704.74000000,387.87365000
1774929600,67704.74000000,67979.38000000,67405.89000000,67544.01000000,1149.88888000
1774933200,67544.01000000,67780.34000000,67400.00000000,67681.68000000,653.43122000
1774936800,67681.69000000,67711.02000000,67333.33000000,67492.85000000,511.27605000
1774940400,67492.86000000,67524.65000000,67103.32000000,67367.69000000,1579.98188000
1774944000,67367.70000000,67496.00000000,66688.68000000,66778.33000000,897.84489000
1774947600,66778.34000000,66924.33000000,65998.05000000,66124.99000000,1512.48446000
1774951200,66125.00000000,66471.08000000,66100.01000000,66363.38000000,788.27557000
1774954800,66363.38000000,66922.58000000,66240.14000000,66685.69000000,989.38590000
1774958400,66685.69000000,66939.90000000,66520.71000000,66653.26000000,539.00678000
1774962000,66653.27000000,67412.11000000,66653.27000000,67302.29000000,1087.22021000
1774965600,67302.28000000,67767.87000000,66427.53000000,66587.45000000,1485.37387000
1774969200,66587.46000000,67283.25000000,66587.46000000,66736.80000000,1025.58837000
1774972800,66736.79000000,68030.19000000,66729.28000000,67665.83000000,1334.03651000
1774976400,67665.83000000,68589.49000000,67403.81000000,67526.75000000,2195.81331000
1774980000,67526.76000000,67947.98000000,67526.30000000,67854.05000000,426.40012000
1774983600,67854.04000000,68029.41000000,67716.35000000,67838.80000000,435.24470000
1774987200,67838.79000000,68267.27000000,67831.70000000,68265.53000000,693.06575000
1774990800,68265.53000000,68410.30000000,67884.00000000,68277.99000000,494.48096000
1774994400,68278.00000000,68341.16000000,67962.27000000,68172.87000000,755.55219000
1774998000,68173.59000000,68371.10000000,68090.20000000,68284.48000000,610.99275000
1775001600,68284.49000000,68343.77000000,67853.30000000,68330.75000000,542.79511000
1775005200,68330.76000000,68378.64000000,67760.33000000,67782.73000000,966.68117000
1775008800,67782.74000000,67913.98000000,67578.75000000,67668.89000000,1114.17912000
1775012400,67668.90000000,68250.00000000,67668.90000000,68170.67000000,551.94514000
1775016000,68170.67000000,68476.26000000,68005.33000000,68303.83000000,711.87735000
1775019600,68303.83000000,68755.51000000,68150.00000000,68456.02000000,817.48120000
1775023200,68456.01000000,69236.78000000,68456.01000000,69102.85000000,1241.29278000
1775026800,69102.80000000,69310.00000000,68667.02000000,68692.00000000,1537.59500000
1775030400,68692.00000000,68851.35000000,68389.21000000,68670.16000000,1279.02403000
1775034000,68670.15000000,68733.78000000,68390.25000000,68644.00000000,480.44871000
1775037600,68644.01000000,68662.26000000,68407.08000000,68585.55000000,974.80784000
1775041200,68585.55000000,68736.15000000,68505.91000000,68712.52000000,752.56981000
1775044800,68712.52000000,68786.00000000,68248.30000000,68393.60000000,1365.22557000
1775048400,68393.60000000,68681.25000000,67918.83000000,68116.07000000,1032.06992000
1775052000,68116.06000000,68690.98000000,68059.38000000,68593.55000000,905.17080000
1775055600,68593.56000000,68965.00000000,68428.94000000,68918.52000000,789.38357000
1775059200,68918.52000000,68986.66000000,68610.00000000,68816.34000000,705.16345000
1775062800,68816.35000000,69171.77000000,68247.17000000,68266.62000000,768.87563000
1775066400,68266.62000000,68330.31000000,67939.28000000,68084.76000000,723.37275000
1775070000,68084.76000000,68287.39000000,68028.19000000,68176.84000000,412.79717000
1775073600,68176.84000000,68249.00000000,67964.48000000,68191.09000000,276.10606000
1775077200,68191.09000000,68534.00000000,68171.56000000,68362.53000000,326.52766000
1775080800,68362.53000000,68362.53000000,68070.38000000,68122.99000000,270.47066000
1775084400,68122.99000000,68250.00000000,67996.89000000,68113.92000000,474.32940000
1775088000,68113.92000000,68653.38000000,68050.00000000,68600.29000000,409.19040000
1775091600,68600.29000000,68600.29000000,67050.84000000,67359.27000000,1944.08944000
1775095200,67359.27000000,67359.27000000,66624.64000000,66852.99000000,1169.08434000
1775098800,66852.99000000,66969.54000000,66500.00000000,66576.25000000,767.73135000
1775102400,66576.25000000,66655.46000000,66217.07000000,66330.27000000,889.41375000
1775106000,66330.27000000,66667.92000000,66311.00000000,66591.54000000,966.27870000
1775109600,66591.54000000,66824.95000000,66548.45000000,66681.49000000,493.29026000
1775113200,66681.48000000,66961.26000000,66557.33000000,66930.79000000,645.82875000
1775116800,66930.79000000,66930.79000000,66180.00000000,66439.12000000,781.90752000
1775120400,66439.12000000,66517.43000000,66294.00000000,66469.60000000,483.38047000
1775124000,66469.60000000,66511.79000000,66229.55000000,66457.28000000,452.52391000
1775127600,66457.28000000,66516.06000000,66167.10000000,66220.28000000,1122.63022000
1775131200,66220.28000000,66248.51000000,65961.66000000,66052.71000000,1024.11018000
1775134800,66052.71000000,66285.81000000,65712.12000000,66270.87000000,1225.30288000
1775138400,66270.87000000,67104.86000000,66168.07000000,66868.18000000,1908.17735000
1775142000,66868.17000000,66994.51000000,66646.36000000,66852.91000000,825.60342000
1775145600,66852.91000000,67300.00000000,66759.28000000,67095.85000000,920.46412000
1775149200,67095.85000000,67430.99000000,66666.66000000,66679.16000000,1455.89824000
1775152800,66679.16000000,67065.35000000,66596.80000000,66981.99000000,929.27922000
1775156400,66981.99000000,67109.09000000,66878.00000000,66975.99000000,436.15774000
1775160000,66976.00000000,67100.00000000,66798.00000000,66939.25000000,284.18038000
1775163600,66939.25000000,67012.09000000,66731.08000000,66935.93000000,272.54969000
1775167200,66935.94000000,67037.48000000,66825.61000000,66982.48000000,352.22156000
1775170800,66982.48000000,67096.68000000,66855.50000000,66901.99000000,444.18527000
1775174400,66901.99000000,67000.00000000,66702.83000000,66785.86000000,388.08477000
1775178000,66785.87000000,66905.61000000,66483.90000000,66630.00000000,613.91410000
1775181600,66630.01000000,66750.57000000,66282.00000000,66533.81000000,625.36210000
1775185200,66533.82000000,66724.17000000,66495.69000000,66579.97000000,581.20992000
1775188800,66579.98000000,66699.99000000,66500.04000000,66602.66000000,733.15532000
1775192400,66602.67000000,66808.50000000,66416.68000000,66600.35000000,822.39566000
1775196000,66600.35000000,66800.00000000,66558.76000000,66796.79000000,434.29670000
1775199600,66796.80000000,67247.38000000,66758.00000000,67042.08000000,883.37731000
1775203200,67042.08000000,67288.00000000,66900.56000000,66965.39000000,717.16964000
1775206800,66965.39000000,67007.93000000,66749.35000000,66859.58000000,291.40037000
1775210400,66859.58000000,66898.97000000,66674.72000000,66883.08000000,215.33139000
1775214000,66883.09000000,67057.42000000,66823.18000000,67017.44000000,215.91455000
1775217600,67017.43000000,67370.42000000,66646.36000000,66722.16000000,808.01051000
1775221200,66722.16000000,66735.62000000,66508.10000000,66672.00000000,554.93399000
1775224800,66671.99000000,66990.59000000,66634.00000000,66929.81000000,530.03077000
1775228400,66929.80000000,67028.37000000,66823.30000000,66827.15000000,465.79672000
1775232000,66827.15000000,67069.00000000,66827.14000000,67010.46000000,361.06450000
1775235600,67010.45000000,67067.00000000,66751.86000000,66855.01000000,378.12395000
1775239200,66855.00000000,66930.00000000,66786.12000000,66812.03000000,187.13591000
1775242800,66812.04000000,66911.19000000,66774.02000000,66885.74000000,289.39585000
1775246400,66885.73000000,66919.61000000,66831.97000000,66831.98000000,141.97965000
1775250000,66831.97000000,66970.18000000,66827.60000000,66964.21000000,378.17654000
1775253600,66964.21000000,66970.17000000,66842.76000000,66888.76000000,287.42422000
1775257200,66888.76000000,66964.30000000,66826.13000000,66964.30000000,525.44687000
1775260800,66964.29000000,66968.28000000,66876.70000000,66893.39000000,159.10280000
1775264400,66893.40000000,66924.48000000,66827.22000000,66852.00000000,418.46364000
1775268000,66852.00000000,66919.41000000,66814.00000000,66844.83000000,138.81793000
1775271600,66844.84000000,66910.22000000,66830.23000000,66832.18000000,86.81929000
1775275200,66832.18000000,66876.32000000,66775.91000000,66860.73000000,180.50471000
1775278800,66860.73000000,66936.72000000,66844.14000000,66916.29000000,629.01422000
1775282400,66916.30000000,67049.94000000,66911.20000000,67013.24000000,254.32193000
1775286000,67013.25000000,67052.99000000,66943.34000000,67014.96000000,664.43952000
1775289600,67014.95000000,67057.42000000,66918.00000000,66940.00000000,398.19184000
1775293200,66940.00000000,66994.52000000,66918.00000000,66988.05000000,295.09328000
1775296800,66988.06000000,67167.00000000,66918.00000000,67167.00000000,290.85424000
1775300400,67167.00000000,67232.72000000,67083.43000000,67156.93000000,363.18025000
1775304000,67156.93000000,67185.00000000,67060.56000000,67097.87000000,140.59027000
1775307600,67097.87000000,67267.00000000,67082.41000000,67193.44000000,362.06124000
1775311200,67193.45000000,67223.51000000,67029.07000000,67215.24000000,369.07128000
1775314800,67215.24000000,67562.93000000,67177.39000000,67383.66000000,635.57272000
1775318400,67383.66000000,67520.85000000,67331.06000000,67366.68000000,294.26452000
1775322000,67366.68000000,67416.48000000,67292.00000000,67329.40000000,254.01236000
1775325600,67329.41000000,67380.98000000,67265.00000000,67295.47000000,120.36154000
1775329200,67295.47000000,67543.60000000,67275.00000000,67288.42000000,189.77457000
1775332800,67288.42000000,67295.81000000,67186.62000000,67268.40000000,186.97188000
1775336400,67268.40000000,67504.54000000,67215.00000000,67359.20000000,238.42540000
1775340000,67359.21000000,67470.93000000,67341.19000000,67399.92000000,306.33880000
1775343600,67399.91000000,67399.99000000,67261.32000000,67300.42000000,397.26790000
1775347200,67300.42000000,67307.28000000,67168.08000000,67225.00000000,431.18676000
1775350800,67225.00000000,67230.00000000,67080.00000000,67085.00000000,369.56535000
1775354400,67085.00000000,67174.92000000,66955.72000000,67170.16000000,252.42427000
1775358000,67170.17000000,67188.09000000,67089.33000000,67145.98000000,163.69484000
1775361600,67145.98000000,67188.51000000,67073.56000000,67101.65000000,92.89503000
1775365200,67101.65000000,67154.98000000,66888.00000000,66931.65000000,466.39184000
1775368800,66931.65000000,66940.00000000,66611.66000000,66802.24000000,728.34135000
1775372400,66802.24000000,66914.48000000,66715.43000000,66820.64000000,615.79892000
1775376000,66820.64000000,66940.00000000,66819.42000000,66933.18000000,227.07394000
1775379600,66933.18000000,67048.64000000,66902.15000000,67035.15000000,293.93169000
1775383200,67035.15000000,67150.00000000,66968.35000000,67046.01000000,288.35183000
1775386800,67046.01000000,67087.22000000,66973.67000000,66999.00000000,253.07128000
1775390400,66998.99000000,66999.00000000,66680.57000000,66783.58000000,607.98096000
1775394000,66783.59000000,66918.03000000,66693.91000000,66890.70000000,361.31735000
1775397600,66890.70000000,66963.95000000,66820.54000000,66918.03000000,296.03960000
1775401200,66918.03000000,67856.16000000,66829.02000000,67306.64000000,1471.07760000
1775404800,67306.65000000,67410.00000000,67173.40000000,67212.62000000,356.80623000
1775408400,67212.61000000,67402.00000000,67187.95000000,67373.64000000,168.11139000
1775412000,67373.64000000,67451.78000000,67281.38000000,67413.78000000,210.99631000
1775415600,67413.78000000,67560.45000000,67276.67000000,67361.01000000,229.64378000
1775419200,67361.01000000,67705.74000000,67332.66000000,67658.35000000,338.30366000
1775422800,67658.35000000,67682.42000000,67408.07000000,67553.43000000,435.91664000
1775426400,67553.44000000,68374.75000000,67347.05000000,68338.43000000,1201.92322000
1775430000,68338.43000000,69136.20000000,68266.13000000,69034.18000000,1872.62368000
1775433600,69034.18000000,69588.00000000,69034.18000000,69083.78000000,1917.91608000
1775437200,69083.79000000,69139.63000000,68787.13000000,68810.18000000,991.41564000
1775440800,68810.17000000,69408.39000000,68776.61000000,69207.99000000,951.83494000
1775444400,69207.99000000,69259.06000000,69056.86000000,69123.69000000,641.74895000
1775448000,69123.69000000,69217.68000000,68980.36000000,69141.80000000,640.03746000
1775451600,69141.81000000,69247.00000000,69086.00000000,69199.31000000,664.48642000
1775455200,69199.31000000,69354.26000000,68806.53000000,68976.67000000,805.10068000
1775458800,68976.67000000,69215.37000000,68821.07000000,69115.91000000,705.20265000
1775462400,69115.91000000,69347.85000000,69081.88000000,69224.63000000,514.80546000
1775466000,69224.63000000,70283.32000000,69214.46000000,69728.00000000,2395.68342000
1775469600,69728.01000000,69950.00000000,69708.13000000,69770.88000000,634.91449000
1775473200,69770.88000000,69770.96000000,69565.01000000,69614.91000000,453.63795000
1775476800,69614.91000000,69635.87000000,69329.23000000,69366.75000000,601.70240000
1775480400,69366.76000000,69550.00000000,69235.09000000,69428.23000000,656.60844000
1775484000,69428.23000000,69809.99000000,69163.86000000,69654.38000000,1336.92282000
1775487600,69654.39000000,69973.25000000,69526.87000000,69968.87000000,814.13173000
1775491200,69968.87000000,70351.46000000,69782.11000000,69799.14000000,1291.21899000
1775494800,69799.14000000,69820.00000000,69282.02000000,69574.61000000,914.30002000
1775498400,69574.62000000,69967.78000000,69479.49000000,69888.97000000,537.79955000
1775502000,69888.97000000,69899.99000000,69583.33000000,69739.53000000,431.93913000
1775505600,69739.52000000,69974.08000000,69625.00000000,69826.01000000,372.95882000
1775509200,69826.00000000,69826.00000000,69423.09000000,69504.99000000,366.00988000
1775512800,69504.99000000,69581.92000000,68811.00000000,68811.00000000,578.82627000
1775516400,68811.01000000,68912.97000000,68300.00000000,68853.66000000,1062.40825000
1775520000,68853.66000000,69128.20000000,68723.81000000,68775.70000000,908.20417000
1775523600,68775.71000000,68900.63000000,68352.52000000,68400.01000000,682.14287000
1775527200,68400.01000000,68713.92000000,68273.34000000,68674.00000000,382.32486000
1775530800,68674.01000000,68800.94000000,68625.59000000,68779.21000000,449.64401000
1775534400,68779.20000000,68981.83000000,68540.84000000,68854.65000000,480.37449000
1775538000,68854.65000000,68866.00000000,68613.20000000,68669.00000000,546.70209000
1775541600,68669.00000000,68669.01000000,68443.00000000,68568.35000000,488.73987000
1775545200,68568.35000000,68703.72000000,68500.00000000,68624.61000000,307.81904000
1775548800,68624.60000000,68984.48000000,68603.60000000,68936.71000000,338.93457000
1775552400,68936.71000000,69247.90000000,68930.04000000,69150.05000000,436.92801000
1775556000,69150.06000000,69199.87000000,68200.00000000,68237.93000000,899.01254000
1775559600,68237.93000000,68455.96000000,68071.96000000,68345.75000000,598.71022000
1775563200,68345.75000000,68599.13000000,68080.00000000,68392.18000000,738.67705000
1775566800,68392.19000000,68633.87000000,68198.12000000,68231.99000000,822.06110000
1775570400,68231.99000000,68258.26000000,67763.64000000,67860.48000000,1396.10082000
1775574000,67860.49000000,68268.60000000,67732.01000000,68168.10000000,1084.45539000
1775577600,68168.11000000,68454.23000000,68085.01000000,68229.99000000,654.26405000
1775581200,68230.00000000,69000.00000000,68198.22000000,68705.81000000,1147.70463000
1775584800,68705.82000000,68773.24000000,68358.10000000,68442.53000000,630.41269000
1775588400,68442.52000000,69098.44000000,68358.10000000,69011.29000000,1385.03929000
1775592000,69011.29000000,69535.26000000,69011.29000000,69319.39000000,1097.55478000
1775595600,69319.39000000,70216.68000000,69311.84000000,69927.64000000,1742.03489000
1775599200,69927.65000000,71528.00000000,69927.65000000,71514.09000000,2841.66596000
1775602800,71514.10000000,72761.00000000,71194.90000000,71924.22000000,3690.98922000
1775606400,71924.22000000,72110.65000000,71541.51000000,71710.19000000,1153.45069000
1775610000,71710.19000000,71758.60000000,71452.68000000,71476.97000000,621.62060000
1775613600,71476.98000000,71727.01000000,71240.99000000,71364.94000000,1153.76247000
1775617200,71364.95000000,71479.97000000,71277.18000000,71287.39000000,441.23135000
1775620800,71287.39000000,71676.77000000,71287.38000000,71566.18000000,721.11279000
1775624400,71566.66000000,71831.60000000,71560.00000000,71731.10000000,821.79755000
1775628000,71731.10000000,71941.42000000,71581.14000000,71732.69000000,811.19618000
1775631600,71732.70000000,71902.00000000,71573.04000000,71627.59000000,943.84918000
1775635200,71627.59000000,71831.08000000,71627.59000000,71800.00000000,501.15204000
1775638800,71799.99000000,71955.00000000,71742.58000000,71747.57000000,251.59903000
